{
  "project_info": {
    "project_number": "478542718934",
    "project_id": "tracktv-vp",
    "storage_bucket": "tracktv-vp.appspot.com"
  },
  "client": [
    {
      "client_info": {
        "mobilesdk_app_id": "1:478542718934:android:7632468b4dd20c303ce677",
        "android_client_info": {
          "package_name": "com.notas"
        }
      },
      "oauth_client": [
        {
          "client_id": "478542718934-hh4n69rqgl5o0hfjk8pacgminm5d9knq.apps.googleusercontent.com",
          "client_type": 1,
          "android_info": {
            "package_name": "com.notas",
            "certificate_hash": "e538e476bd435d37fe7000dc1a73783dfb9da495"
          }
        },
        {
          "client_id": "478542718934-3nde94dhfo37l6hdj5ne7d601c03lmof.apps.googleusercontent.com",
          "client_type": 3
        }
      ],
      "api_key": [
        {
          "current_key": "AIzaSyDX5n_5R_WsuN-OAv6A3rvJKhPG6_iX6JM"
        }
      ],
      "services": {
        "appinvite_service": {
          "other_platform_oauth_client": [
            {
              "client_id": "478542718934-3nde94dhfo37l6hdj5ne7d601c03lmof.apps.googleusercontent.com",
              "client_type": 3
            }
          ]
        }
      }
    },
    {
      "client_info": {
        "mobilesdk_app_id": "1:478542718934:android:4138eaa8fb4489783ce677",
        "android_client_info": {
          "package_name": "com.tvtrack"
        }
      },
      "oauth_client": [
        {
          "client_id": "478542718934-3lueah0cavqhg7a7pr9p5i6lh9hfr775.apps.googleusercontent.com",
          "client_type": 1,
          "android_info": {
            "package_name": "com.tvtrack",
            "certificate_hash": "f1fab84cbe868e7eedfa6102d41bb55d60a50481"
          }
        },
        {
          "client_id": "478542718934-3nde94dhfo37l6hdj5ne7d601c03lmof.apps.googleusercontent.com",
          "client_type": 3
        }
      ],
      "api_key": [
        {
          "current_key": "AIzaSyDX5n_5R_WsuN-OAv6A3rvJKhPG6_iX6JM"
        }
      ],
      "services": {
        "appinvite_service": {
          "other_platform_oauth_client": [
            {
              "client_id": "478542718934-3nde94dhfo37l6hdj5ne7d601c03lmof.apps.googleusercontent.com",
              "client_type": 3
            }
          ]
        }
      }
    }
  ],
  "configuration_version": "1"
}